,location,date,total_cases,new_cases,total_deaths,newcases
149610,Thailand,2020-03-01,42.0,0.0,1.0,4271.914864864865
149611,Thailand,2020-03-02,43.0,1.0,1.0,1.0
149612,Thailand,2020-03-03,43.0,0.0,1.0,4271.914864864865
149613,Thailand,2020-03-04,43.0,0.0,1.0,4271.914864864865
149614,Thailand,2020-03-05,47.0,4.0,1.0,4.0
149615,Thailand,2020-03-06,48.0,1.0,1.0,1.0
149616,Thailand,2020-03-07,50.0,2.0,1.0,2.0
149617,Thailand,2020-03-08,50.0,0.0,1.0,4271.914864864865
149618,Thailand,2020-03-09,50.0,0.0,1.0,4271.914864864865
149619,Thailand,2020-03-10,53.0,3.0,1.0,3.0
149620,Thailand,2020-03-11,59.0,6.0,1.0,6.0
149621,Thailand,2020-03-12,70.0,11.0,1.0,11.0
149622,Thailand,2020-03-13,75.0,5.0,1.0,5.0
149623,Thailand,2020-03-14,82.0,7.0,1.0,7.0
149624,Thailand,2020-03-15,114.0,32.0,1.0,32.0
149625,Thailand,2020-03-16,147.0,33.0,1.0,33.0
149626,Thailand,2020-03-17,177.0,30.0,1.0,30.0
149627,Thailand,2020-03-18,212.0,35.0,1.0,35.0
149628,Thailand,2020-03-19,272.0,60.0,1.0,60.0
149629,Thailand,2020-03-20,322.0,50.0,1.0,50.0
149630,Thailand,2020-03-21,411.0,89.0,1.0,89.0
149631,Thailand,2020-03-22,599.0,188.0,1.0,188.0
149632,Thailand,2020-03-23,721.0,122.0,1.0,122.0
149633,Thailand,2020-03-24,827.0,106.0,4.0,106.0
149634,Thailand,2020-03-25,934.0,107.0,4.0,107.0
149635,Thailand,2020-03-26,1045.0,111.0,4.0,111.0
149636,Thailand,2020-03-27,1136.0,91.0,5.0,91.0
149637,Thailand,2020-03-28,1245.0,109.0,6.0,109.0
149638,Thailand,2020-03-29,1388.0,143.0,7.0,143.0
149639,Thailand,2020-03-30,1524.0,136.0,9.0,136.0
149640,Thailand,2020-03-31,1651.0,127.0,10.0,127.0
149641,Thailand,2020-04-01,1771.0,120.0,12.0,120.0
149642,Thailand,2020-04-02,1875.0,104.0,15.0,104.0
149643,Thailand,2020-04-03,1978.0,103.0,19.0,103.0
149644,Thailand,2020-04-04,2067.0,89.0,20.0,89.0
149645,Thailand,2020-04-05,2169.0,102.0,23.0,102.0
149646,Thailand,2020-04-06,2220.0,51.0,26.0,51.0
149647,Thailand,2020-04-07,2258.0,38.0,27.0,38.0
149648,Thailand,2020-04-08,2369.0,111.0,30.0,111.0
149649,Thailand,2020-04-09,2423.0,54.0,32.0,54.0
149650,Thailand,2020-04-10,2473.0,50.0,33.0,50.0
149651,Thailand,2020-04-11,2518.0,45.0,35.0,45.0
149652,Thailand,2020-04-12,2551.0,33.0,38.0,33.0
149653,Thailand,2020-04-13,2579.0,28.0,40.0,28.0
149654,Thailand,2020-04-14,2613.0,34.0,41.0,34.0
149655,Thailand,2020-04-15,2643.0,30.0,43.0,30.0
149656,Thailand,2020-04-16,2672.0,29.0,46.0,29.0
149657,Thailand,2020-04-17,2700.0,28.0,47.0,28.0
149658,Thailand,2020-04-18,2733.0,33.0,47.0,33.0
149659,Thailand,2020-04-19,2765.0,32.0,47.0,32.0
149660,Thailand,2020-04-20,2792.0,27.0,47.0,27.0
149661,Thailand,2020-04-21,2811.0,19.0,48.0,19.0
149662,Thailand,2020-04-22,2826.0,15.0,49.0,15.0
149663,Thailand,2020-04-23,2839.0,13.0,50.0,13.0
149664,Thailand,2020-04-24,2854.0,15.0,50.0,15.0
149665,Thailand,2020-04-25,2907.0,53.0,51.0,53.0
149666,Thailand,2020-04-26,2922.0,15.0,51.0,15.0
149667,Thailand,2020-04-27,2931.0,9.0,52.0,9.0
149668,Thailand,2020-04-28,2938.0,7.0,54.0,7.0
149669,Thailand,2020-04-29,2947.0,9.0,54.0,9.0
149670,Thailand,2020-04-30,2954.0,7.0,54.0,7.0
149671,Thailand,2020-05-01,2960.0,6.0,54.0,6.0
149672,Thailand,2020-05-02,2966.0,6.0,54.0,6.0
149673,Thailand,2020-05-03,2969.0,3.0,54.0,3.0
149674,Thailand,2020-05-04,2987.0,18.0,54.0,18.0
149675,Thailand,2020-05-05,2988.0,1.0,54.0,1.0
149676,Thailand,2020-05-06,2989.0,1.0,55.0,1.0
149677,Thailand,2020-05-07,2992.0,3.0,55.0,3.0
149678,Thailand,2020-05-08,3000.0,8.0,55.0,8.0
149679,Thailand,2020-05-09,3004.0,4.0,56.0,4.0
149680,Thailand,2020-05-10,3009.0,5.0,56.0,5.0
149681,Thailand,2020-05-11,3015.0,6.0,56.0,6.0
149682,Thailand,2020-05-12,3017.0,2.0,56.0,2.0
149683,Thailand,2020-05-13,3017.0,0.0,56.0,4271.914864864865
149684,Thailand,2020-05-14,3018.0,1.0,56.0,1.0
149685,Thailand,2020-05-15,3025.0,7.0,56.0,7.0
149686,Thailand,2020-05-16,3025.0,0.0,56.0,4271.914864864865
149687,Thailand,2020-05-17,3028.0,3.0,56.0,3.0
149688,Thailand,2020-05-18,3031.0,3.0,56.0,3.0
149689,Thailand,2020-05-19,3033.0,2.0,56.0,2.0
149690,Thailand,2020-05-20,3034.0,1.0,56.0,1.0
149691,Thailand,2020-05-21,3037.0,3.0,56.0,3.0
149692,Thailand,2020-05-22,3037.0,0.0,56.0,4271.914864864865
149693,Thailand,2020-05-23,3040.0,3.0,56.0,3.0
149694,Thailand,2020-05-24,3040.0,0.0,56.0,4271.914864864865
149695,Thailand,2020-05-25,3042.0,2.0,57.0,2.0
149696,Thailand,2020-05-26,3045.0,3.0,57.0,3.0
149697,Thailand,2020-05-27,3054.0,9.0,57.0,9.0
149698,Thailand,2020-05-28,3065.0,11.0,57.0,11.0
149699,Thailand,2020-05-29,3076.0,11.0,57.0,11.0
149700,Thailand,2020-05-30,3077.0,1.0,57.0,1.0
149701,Thailand,2020-05-31,3081.0,4.0,57.0,4.0
149702,Thailand,2020-06-01,3082.0,1.0,57.0,1.0
149703,Thailand,2020-06-02,3083.0,1.0,58.0,1.0
149704,Thailand,2020-06-03,3084.0,1.0,58.0,1.0
149705,Thailand,2020-06-04,3101.0,17.0,58.0,17.0
149706,Thailand,2020-06-05,3102.0,1.0,58.0,1.0
149707,Thailand,2020-06-06,3104.0,2.0,58.0,2.0
149708,Thailand,2020-06-07,3112.0,8.0,58.0,8.0
149709,Thailand,2020-06-08,3119.0,7.0,58.0,7.0
149710,Thailand,2020-06-09,3121.0,2.0,58.0,2.0
149711,Thailand,2020-06-10,3125.0,4.0,58.0,4.0
149712,Thailand,2020-06-11,3125.0,0.0,58.0,4271.914864864865
149713,Thailand,2020-06-12,3129.0,4.0,58.0,4.0
149714,Thailand,2020-06-13,3134.0,5.0,58.0,5.0
149715,Thailand,2020-06-14,3135.0,1.0,58.0,1.0
149716,Thailand,2020-06-15,3135.0,0.0,58.0,4271.914864864865
149717,Thailand,2020-06-16,3135.0,0.0,58.0,4271.914864864865
149718,Thailand,2020-06-17,3135.0,0.0,58.0,4271.914864864865
149719,Thailand,2020-06-18,3141.0,6.0,58.0,6.0
149720,Thailand,2020-06-19,3146.0,5.0,58.0,5.0
149721,Thailand,2020-06-20,3147.0,1.0,58.0,1.0
149722,Thailand,2020-06-21,3148.0,1.0,58.0,1.0
149723,Thailand,2020-06-22,3151.0,3.0,58.0,3.0
149724,Thailand,2020-06-23,3156.0,5.0,58.0,5.0
149725,Thailand,2020-06-24,3157.0,1.0,58.0,1.0
149726,Thailand,2020-06-25,3158.0,1.0,58.0,1.0
149727,Thailand,2020-06-26,3162.0,4.0,58.0,4.0
149728,Thailand,2020-06-27,3162.0,0.0,58.0,4271.914864864865
149729,Thailand,2020-06-28,3162.0,0.0,58.0,4271.914864864865
149730,Thailand,2020-06-29,3169.0,7.0,58.0,7.0
149731,Thailand,2020-06-30,3171.0,2.0,58.0,2.0
149732,Thailand,2020-07-01,3173.0,2.0,58.0,2.0
149733,Thailand,2020-07-02,3179.0,6.0,58.0,6.0
149734,Thailand,2020-07-03,3180.0,1.0,58.0,1.0
149735,Thailand,2020-07-04,3185.0,5.0,58.0,5.0
149736,Thailand,2020-07-05,3190.0,5.0,58.0,5.0
149737,Thailand,2020-07-06,3195.0,5.0,58.0,5.0
149738,Thailand,2020-07-07,3195.0,0.0,58.0,4271.914864864865
149739,Thailand,2020-07-08,3197.0,2.0,58.0,2.0
149740,Thailand,2020-07-09,3202.0,5.0,58.0,5.0
149741,Thailand,2020-07-10,3202.0,0.0,58.0,4271.914864864865
149742,Thailand,2020-07-11,3216.0,14.0,58.0,14.0
149743,Thailand,2020-07-12,3217.0,1.0,58.0,1.0
149744,Thailand,2020-07-13,3220.0,3.0,58.0,3.0
149745,Thailand,2020-07-14,3227.0,7.0,58.0,7.0
149746,Thailand,2020-07-15,3232.0,5.0,58.0,5.0
149747,Thailand,2020-07-16,3236.0,4.0,58.0,4.0
149748,Thailand,2020-07-17,3239.0,3.0,58.0,3.0
149749,Thailand,2020-07-18,3246.0,7.0,58.0,7.0
149750,Thailand,2020-07-19,3249.0,3.0,58.0,3.0
149751,Thailand,2020-07-20,3250.0,1.0,58.0,1.0
149752,Thailand,2020-07-21,3255.0,5.0,58.0,5.0
149754,Thailand,2020-07-23,3269.0,32.0,58.0,32.0
149755,Thailand,2020-07-24,3279.0,10.0,58.0,10.0
149756,Thailand,2020-07-25,3282.0,3.0,58.0,3.0
149757,Thailand,2020-07-26,3291.0,9.0,58.0,9.0
149758,Thailand,2020-07-27,3295.0,4.0,58.0,4.0
149759,Thailand,2020-07-28,3297.0,2.0,58.0,2.0
149760,Thailand,2020-07-29,3298.0,1.0,58.0,1.0
149761,Thailand,2020-07-30,3304.0,6.0,58.0,6.0
149762,Thailand,2020-07-31,3310.0,6.0,58.0,6.0
149763,Thailand,2020-08-01,3312.0,2.0,58.0,2.0
149764,Thailand,2020-08-02,3317.0,5.0,58.0,5.0
149765,Thailand,2020-08-03,3320.0,3.0,58.0,3.0
149766,Thailand,2020-08-04,3321.0,1.0,58.0,1.0
149767,Thailand,2020-08-05,3328.0,7.0,58.0,7.0
149768,Thailand,2020-08-06,3330.0,2.0,58.0,2.0
149769,Thailand,2020-08-07,3345.0,15.0,58.0,15.0
149770,Thailand,2020-08-08,3348.0,3.0,58.0,3.0
149771,Thailand,2020-08-09,3351.0,3.0,58.0,3.0
149772,Thailand,2020-08-10,3351.0,0.0,58.0,4271.914864864865
149773,Thailand,2020-08-11,3351.0,0.0,58.0,4271.914864864865
149774,Thailand,2020-08-12,3356.0,5.0,58.0,5.0
149775,Thailand,2020-08-13,3359.0,3.0,58.0,3.0
149776,Thailand,2020-08-14,3376.0,17.0,58.0,17.0
149777,Thailand,2020-08-15,3376.0,0.0,58.0,4271.914864864865
149778,Thailand,2020-08-16,3377.0,1.0,58.0,1.0
149779,Thailand,2020-08-17,3378.0,1.0,58.0,1.0
149780,Thailand,2020-08-18,3381.0,3.0,58.0,3.0
149781,Thailand,2020-08-19,3382.0,1.0,58.0,1.0
149782,Thailand,2020-08-20,3389.0,7.0,58.0,7.0
149783,Thailand,2020-08-21,3390.0,1.0,58.0,1.0
149784,Thailand,2020-08-22,3390.0,0.0,58.0,4271.914864864865
149785,Thailand,2020-08-23,3395.0,5.0,58.0,5.0
149786,Thailand,2020-08-24,3397.0,2.0,58.0,2.0
149787,Thailand,2020-08-25,3402.0,5.0,58.0,5.0
149788,Thailand,2020-08-26,3403.0,1.0,58.0,1.0
149789,Thailand,2020-08-27,3404.0,1.0,58.0,1.0
149790,Thailand,2020-08-28,3410.0,6.0,58.0,6.0
149791,Thailand,2020-08-29,3411.0,1.0,58.0,1.0
149792,Thailand,2020-08-30,3411.0,0.0,58.0,4271.914864864865
149793,Thailand,2020-08-31,3412.0,1.0,58.0,1.0
149794,Thailand,2020-09-01,3417.0,5.0,58.0,5.0
149795,Thailand,2020-09-02,3425.0,8.0,58.0,8.0
149796,Thailand,2020-09-03,3427.0,2.0,58.0,2.0
149797,Thailand,2020-09-04,3431.0,4.0,58.0,4.0
149798,Thailand,2020-09-05,3438.0,7.0,58.0,7.0
149799,Thailand,2020-09-06,3444.0,6.0,58.0,6.0
149800,Thailand,2020-09-07,3445.0,1.0,58.0,1.0
149801,Thailand,2020-09-08,3446.0,1.0,58.0,1.0
149802,Thailand,2020-09-09,3447.0,1.0,58.0,1.0
149803,Thailand,2020-09-10,3454.0,7.0,58.0,7.0
149804,Thailand,2020-09-11,3461.0,7.0,58.0,7.0
149805,Thailand,2020-09-12,3466.0,5.0,58.0,5.0
149806,Thailand,2020-09-13,3473.0,7.0,58.0,7.0
149807,Thailand,2020-09-14,3475.0,2.0,58.0,2.0
149808,Thailand,2020-09-15,3480.0,5.0,58.0,5.0
149809,Thailand,2020-09-16,3490.0,10.0,58.0,10.0
149810,Thailand,2020-09-17,3490.0,0.0,58.0,4271.914864864865
149811,Thailand,2020-09-18,3497.0,7.0,58.0,7.0
149812,Thailand,2020-09-19,3500.0,3.0,59.0,3.0
149813,Thailand,2020-09-20,3506.0,6.0,59.0,6.0
149814,Thailand,2020-09-21,3506.0,0.0,59.0,4271.914864864865
149815,Thailand,2020-09-22,3511.0,5.0,59.0,5.0
149816,Thailand,2020-09-23,3514.0,3.0,59.0,3.0
149817,Thailand,2020-09-24,3516.0,2.0,59.0,2.0
149818,Thailand,2020-09-25,3519.0,3.0,59.0,3.0
149819,Thailand,2020-09-26,3522.0,3.0,59.0,3.0
149820,Thailand,2020-09-27,3523.0,1.0,59.0,1.0
149821,Thailand,2020-09-28,3545.0,22.0,59.0,22.0
149822,Thailand,2020-09-29,3559.0,14.0,59.0,14.0
149823,Thailand,2020-09-30,3564.0,5.0,59.0,5.0
149824,Thailand,2020-10-01,3569.0,5.0,59.0,5.0
149825,Thailand,2020-10-02,3575.0,6.0,59.0,6.0
149826,Thailand,2020-10-03,3583.0,8.0,59.0,8.0
149827,Thailand,2020-10-04,3585.0,2.0,59.0,2.0
149828,Thailand,2020-10-05,3590.0,5.0,59.0,5.0
149829,Thailand,2020-10-06,3600.0,10.0,59.0,10.0
149830,Thailand,2020-10-07,3615.0,15.0,59.0,15.0
149831,Thailand,2020-10-08,3622.0,7.0,59.0,7.0
149832,Thailand,2020-10-09,3628.0,6.0,59.0,6.0
149833,Thailand,2020-10-10,3634.0,6.0,59.0,6.0
149834,Thailand,2020-10-11,3636.0,2.0,59.0,2.0
149835,Thailand,2020-10-12,3641.0,5.0,59.0,5.0
149836,Thailand,2020-10-13,3643.0,2.0,59.0,2.0
149837,Thailand,2020-10-14,3652.0,9.0,59.0,9.0
149838,Thailand,2020-10-15,3665.0,13.0,59.0,13.0
149839,Thailand,2020-10-16,3669.0,4.0,59.0,4.0
149840,Thailand,2020-10-17,3679.0,10.0,59.0,10.0
149841,Thailand,2020-10-18,3686.0,7.0,59.0,7.0
149842,Thailand,2020-10-19,3691.0,5.0,59.0,5.0
149843,Thailand,2020-10-20,3700.0,9.0,59.0,9.0
149844,Thailand,2020-10-21,3709.0,9.0,59.0,9.0
149845,Thailand,2020-10-22,3719.0,10.0,59.0,10.0
149846,Thailand,2020-10-23,3727.0,8.0,59.0,8.0
149847,Thailand,2020-10-24,3731.0,4.0,59.0,4.0
149848,Thailand,2020-10-25,3736.0,5.0,59.0,5.0
149849,Thailand,2020-10-26,3743.0,7.0,59.0,7.0
149850,Thailand,2020-10-27,3746.0,3.0,59.0,3.0
149851,Thailand,2020-10-28,3758.0,12.0,59.0,12.0
149852,Thailand,2020-10-29,3763.0,5.0,59.0,5.0
149853,Thailand,2020-10-30,3775.0,12.0,59.0,12.0
149854,Thailand,2020-10-31,3780.0,5.0,59.0,5.0
149855,Thailand,2020-11-01,3784.0,4.0,59.0,4.0
149856,Thailand,2020-11-02,3787.0,3.0,59.0,3.0
149857,Thailand,2020-11-03,3797.0,10.0,59.0,10.0
149858,Thailand,2020-11-04,3804.0,7.0,59.0,7.0
149859,Thailand,2020-11-05,3810.0,6.0,59.0,6.0
149860,Thailand,2020-11-06,3818.0,8.0,60.0,8.0
149861,Thailand,2020-11-07,3830.0,12.0,60.0,12.0
149862,Thailand,2020-11-08,3837.0,7.0,60.0,7.0
149863,Thailand,2020-11-09,3840.0,3.0,60.0,3.0
149864,Thailand,2020-11-10,3844.0,4.0,60.0,4.0
149865,Thailand,2020-11-11,3847.0,3.0,60.0,3.0
149866,Thailand,2020-11-12,3852.0,5.0,60.0,5.0
149867,Thailand,2020-11-13,3861.0,9.0,60.0,9.0
149868,Thailand,2020-11-14,3866.0,5.0,60.0,5.0
149869,Thailand,2020-11-15,3874.0,8.0,60.0,8.0
149870,Thailand,2020-11-16,3875.0,1.0,60.0,1.0
149871,Thailand,2020-11-17,3878.0,3.0,60.0,3.0
149872,Thailand,2020-11-18,3880.0,2.0,60.0,2.0
149873,Thailand,2020-11-19,3888.0,8.0,60.0,8.0
149874,Thailand,2020-11-20,3892.0,4.0,60.0,4.0
149875,Thailand,2020-11-21,3902.0,10.0,60.0,10.0
149876,Thailand,2020-11-22,3913.0,11.0,60.0,11.0
149877,Thailand,2020-11-23,3920.0,7.0,60.0,7.0
149878,Thailand,2020-11-24,3922.0,2.0,60.0,2.0
149879,Thailand,2020-11-25,3926.0,4.0,60.0,4.0
149880,Thailand,2020-11-26,3942.0,16.0,60.0,16.0
149881,Thailand,2020-11-27,3961.0,19.0,60.0,19.0
149882,Thailand,2020-11-28,3966.0,5.0,60.0,5.0
149883,Thailand,2020-11-29,3977.0,11.0,60.0,11.0
149884,Thailand,2020-11-30,3998.0,21.0,60.0,21.0
149885,Thailand,2020-12-01,4008.0,10.0,60.0,10.0
149886,Thailand,2020-12-02,4026.0,18.0,60.0,18.0
149887,Thailand,2020-12-03,4039.0,13.0,60.0,13.0
149888,Thailand,2020-12-04,4053.0,14.0,60.0,14.0
149889,Thailand,2020-12-05,4072.0,19.0,60.0,19.0
149890,Thailand,2020-12-06,4086.0,14.0,60.0,14.0
149891,Thailand,2020-12-07,4107.0,21.0,60.0,21.0
149892,Thailand,2020-12-08,4126.0,19.0,60.0,19.0
149893,Thailand,2020-12-09,4151.0,25.0,60.0,25.0
149894,Thailand,2020-12-10,4169.0,18.0,60.0,18.0
149895,Thailand,2020-12-11,4180.0,11.0,60.0,11.0
149896,Thailand,2020-12-12,4192.0,12.0,60.0,12.0
149897,Thailand,2020-12-13,4209.0,17.0,60.0,17.0
149898,Thailand,2020-12-14,4237.0,28.0,60.0,28.0
149899,Thailand,2020-12-15,4246.0,9.0,60.0,9.0
149900,Thailand,2020-12-16,4261.0,15.0,60.0,15.0
149901,Thailand,2020-12-17,4281.0,20.0,60.0,20.0
149902,Thailand,2020-12-18,4297.0,16.0,60.0,16.0
149903,Thailand,2020-12-19,4331.0,34.0,60.0,34.0
149904,Thailand,2020-12-20,4907.0,576.0,60.0,576.0
149905,Thailand,2020-12-21,5289.0,382.0,60.0,382.0
149906,Thailand,2020-12-22,5716.0,427.0,60.0,427.0
149907,Thailand,2020-12-23,5762.0,46.0,60.0,46.0
149908,Thailand,2020-12-24,5829.0,67.0,60.0,67.0
149909,Thailand,2020-12-25,5910.0,81.0,60.0,81.0
149910,Thailand,2020-12-26,6020.0,110.0,60.0,110.0
149911,Thailand,2020-12-27,6141.0,121.0,60.0,121.0
149912,Thailand,2020-12-28,6285.0,144.0,60.0,144.0
149913,Thailand,2020-12-29,6440.0,155.0,61.0,155.0
149914,Thailand,2020-12-30,6690.0,250.0,61.0,250.0
149915,Thailand,2020-12-31,6884.0,194.0,61.0,194.0
149916,Thailand,2021-01-01,7163.0,279.0,63.0,279.0
149917,Thailand,2021-01-02,7379.0,216.0,64.0,216.0
149918,Thailand,2021-01-03,7694.0,315.0,64.0,315.0
149919,Thailand,2021-01-04,8439.0,745.0,65.0,745.0
149920,Thailand,2021-01-05,8966.0,527.0,66.0,527.0
149921,Thailand,2021-01-06,9331.0,365.0,67.0,365.0
149922,Thailand,2021-01-07,9636.0,305.0,67.0,305.0
149923,Thailand,2021-01-08,9841.0,205.0,67.0,205.0
149924,Thailand,2021-01-09,10053.0,212.0,67.0,212.0
149925,Thailand,2021-01-10,10298.0,245.0,67.0,245.0
149926,Thailand,2021-01-11,10547.0,249.0,67.0,249.0
149927,Thailand,2021-01-12,10834.0,287.0,67.0,287.0
149928,Thailand,2021-01-13,10991.0,157.0,67.0,157.0
149929,Thailand,2021-01-14,11262.0,271.0,69.0,271.0
149930,Thailand,2021-01-15,11450.0,188.0,70.0,188.0
149931,Thailand,2021-01-16,11680.0,230.0,70.0,230.0
149932,Thailand,2021-01-17,12054.0,374.0,70.0,374.0
149933,Thailand,2021-01-18,12423.0,369.0,70.0,369.0
149934,Thailand,2021-01-19,12594.0,171.0,72.0,171.0
149935,Thailand,2021-01-20,12653.0,59.0,71.0,59.0
149936,Thailand,2021-01-21,12795.0,142.0,71.0,142.0
149937,Thailand,2021-01-22,13104.0,309.0,71.0,309.0
149938,Thailand,2021-01-23,13302.0,198.0,72.0,198.0
149939,Thailand,2021-01-24,13500.0,198.0,73.0,198.0
149940,Thailand,2021-01-25,13687.0,187.0,75.0,187.0
149941,Thailand,2021-01-26,14646.0,959.0,75.0,959.0
149942,Thailand,2021-01-27,15465.0,819.0,76.0,819.0
149943,Thailand,2021-01-28,16221.0,756.0,76.0,756.0
149944,Thailand,2021-01-29,17023.0,802.0,77.0,802.0
149945,Thailand,2021-01-30,17953.0,930.0,77.0,930.0
149946,Thailand,2021-01-31,18782.0,829.0,77.0,829.0
149947,Thailand,2021-02-01,19618.0,836.0,78.0,836.0
149948,Thailand,2021-02-02,20454.0,836.0,79.0,836.0
149949,Thailand,2021-02-03,21249.0,795.0,79.0,795.0
149950,Thailand,2021-02-04,22058.0,809.0,79.0,809.0
149951,Thailand,2021-02-05,22644.0,586.0,79.0,586.0
149952,Thailand,2021-02-06,23134.0,490.0,79.0,490.0
149953,Thailand,2021-02-07,23371.0,237.0,79.0,237.0
149954,Thailand,2021-02-08,23557.0,186.0,79.0,186.0
149955,Thailand,2021-02-09,23746.0,189.0,79.0,189.0
149956,Thailand,2021-02-10,23903.0,157.0,80.0,157.0
149957,Thailand,2021-02-11,24104.0,201.0,80.0,201.0
149958,Thailand,2021-02-12,24279.0,175.0,80.0,175.0
149959,Thailand,2021-02-13,24405.0,126.0,80.0,126.0
149960,Thailand,2021-02-14,24571.0,166.0,80.0,166.0
149961,Thailand,2021-02-15,24714.0,143.0,82.0,143.0
149962,Thailand,2021-02-16,24786.0,72.0,82.0,72.0
149963,Thailand,2021-02-17,24961.0,175.0,82.0,175.0
149964,Thailand,2021-02-18,25111.0,150.0,82.0,150.0
149965,Thailand,2021-02-19,25241.0,130.0,83.0,130.0
149966,Thailand,2021-02-20,25323.0,82.0,83.0,82.0
149967,Thailand,2021-02-21,25415.0,92.0,83.0,92.0
149968,Thailand,2021-02-22,25504.0,89.0,83.0,89.0
149969,Thailand,2021-02-23,25599.0,95.0,83.0,95.0
149970,Thailand,2021-02-24,25692.0,93.0,83.0,93.0
149971,Thailand,2021-02-25,25764.0,72.0,83.0,72.0
149972,Thailand,2021-02-26,25809.0,45.0,83.0,45.0
149973,Thailand,2021-02-27,25881.0,72.0,83.0,72.0
149974,Thailand,2021-02-28,25951.0,70.0,83.0,70.0
149975,Thailand,2021-03-01,26031.0,80.0,83.0,80.0
149976,Thailand,2021-03-02,26073.0,42.0,84.0,42.0
149977,Thailand,2021-03-03,26108.0,35.0,85.0,35.0
149978,Thailand,2021-03-04,26162.0,54.0,85.0,54.0
149979,Thailand,2021-03-05,26241.0,79.0,85.0,79.0
149980,Thailand,2021-03-06,26305.0,64.0,85.0,64.0
149981,Thailand,2021-03-07,26370.0,65.0,85.0,65.0
149982,Thailand,2021-03-08,26441.0,71.0,85.0,71.0
149983,Thailand,2021-03-09,26501.0,60.0,85.0,60.0
149984,Thailand,2021-03-10,26540.0,39.0,85.0,39.0
149985,Thailand,2021-03-11,26598.0,58.0,85.0,58.0
149986,Thailand,2021-03-12,26679.0,81.0,85.0,81.0
149987,Thailand,2021-03-13,26757.0,78.0,86.0,78.0
149988,Thailand,2021-03-14,26927.0,170.0,87.0,170.0
149989,Thailand,2021-03-15,27005.0,78.0,87.0,78.0
149990,Thailand,2021-03-16,27154.0,149.0,88.0,149.0
149991,Thailand,2021-03-17,27402.0,248.0,90.0,248.0
149992,Thailand,2021-03-18,27494.0,92.0,89.0,92.0
149993,Thailand,2021-03-19,27594.0,100.0,90.0,100.0
149994,Thailand,2021-03-20,27713.0,119.0,90.0,119.0
149995,Thailand,2021-03-21,27803.0,90.0,90.0,90.0
149996,Thailand,2021-03-22,27876.0,73.0,91.0,73.0
149997,Thailand,2021-03-23,28277.0,401.0,92.0,401.0
149998,Thailand,2021-03-24,28346.0,69.0,92.0,69.0
149999,Thailand,2021-03-25,28443.0,97.0,92.0,97.0
150000,Thailand,2021-03-26,28577.0,134.0,92.0,134.0
150001,Thailand,2021-03-27,28657.0,80.0,93.0,80.0
150002,Thailand,2021-03-28,28734.0,77.0,94.0,77.0
150003,Thailand,2021-03-29,28773.0,39.0,94.0,39.0
150004,Thailand,2021-03-30,28821.0,48.0,94.0,48.0
150005,Thailand,2021-03-31,28863.0,42.0,94.0,42.0
150006,Thailand,2021-04-01,28889.0,26.0,94.0,26.0
150007,Thailand,2021-04-02,28947.0,58.0,94.0,58.0
150008,Thailand,2021-04-03,29031.0,84.0,95.0,84.0
150009,Thailand,2021-04-04,29127.0,96.0,95.0,96.0
150010,Thailand,2021-04-05,29321.0,194.0,95.0,194.0
150011,Thailand,2021-04-06,29571.0,250.0,95.0,250.0
150012,Thailand,2021-04-07,29905.0,334.0,95.0,334.0
150013,Thailand,2021-04-08,30310.0,405.0,95.0,405.0
150014,Thailand,2021-04-09,30869.0,559.0,96.0,559.0
150015,Thailand,2021-04-10,31658.0,789.0,97.0,789.0
150016,Thailand,2021-04-11,32625.0,967.0,97.0,967.0
150017,Thailand,2021-04-12,33610.0,985.0,97.0,985.0
150018,Thailand,2021-04-13,34575.0,965.0,97.0,965.0
150019,Thailand,2021-04-14,35910.0,1335.0,97.0,1335.0
150020,Thailand,2021-04-15,37453.0,1543.0,97.0,1543.0
150021,Thailand,2021-04-16,39038.0,1585.0,100.0,1585.0
150022,Thailand,2021-04-17,40585.0,1547.0,100.0,1547.0
150023,Thailand,2021-04-18,42352.0,1767.0,101.0,1767.0
150024,Thailand,2021-04-19,43742.0,1390.0,104.0,1390.0
150025,Thailand,2021-04-20,45185.0,1443.0,108.0,1443.0
150026,Thailand,2021-04-21,46643.0,1458.0,110.0,1458.0
150027,Thailand,2021-04-22,48113.0,1470.0,117.0,1470.0
150028,Thailand,2021-04-23,50183.0,2070.0,121.0,2070.0
150029,Thailand,2021-04-24,53022.0,2839.0,129.0,2839.0
150030,Thailand,2021-04-25,55460.0,2438.0,140.0,2438.0
150031,Thailand,2021-04-26,57508.0,2048.0,148.0,2048.0
150032,Thailand,2021-04-27,59688.0,2180.0,163.0,2180.0
150033,Thailand,2021-04-28,61699.0,2011.0,178.0,2011.0
150034,Thailand,2021-04-29,63570.0,1871.0,188.0,1871.0
150035,Thailand,2021-04-30,65153.0,1583.0,203.0,1583.0
150036,Thailand,2021-05-01,67044.0,1891.0,224.0,1891.0
150037,Thailand,2021-05-02,68984.0,1940.0,245.0,1940.0
150038,Thailand,2021-05-03,71025.0,2041.0,276.0,2041.0
150039,Thailand,2021-05-04,72788.0,1763.0,303.0,1763.0
150040,Thailand,2021-05-05,74900.0,2112.0,318.0,2112.0
150041,Thailand,2021-05-06,76811.0,1911.0,336.0,1911.0
150042,Thailand,2021-05-07,78855.0,2044.0,363.0,2044.0
150043,Thailand,2021-05-08,81274.0,2419.0,382.0,2419.0
150044,Thailand,2021-05-09,83375.0,2101.0,399.0,2101.0
150045,Thailand,2021-05-10,85005.0,1630.0,421.0,1630.0
150046,Thailand,2021-05-11,86924.0,1919.0,452.0,1919.0
150047,Thailand,2021-05-12,88907.0,1983.0,486.0,1983.0
150048,Thailand,2021-05-13,93794.0,4887.0,518.0,4887.0
150049,Thailand,2021-05-14,96050.0,2256.0,548.0,2256.0
150050,Thailand,2021-05-15,99145.0,3095.0,565.0,3095.0
150051,Thailand,2021-05-16,101447.0,2302.0,589.0,2302.0
150052,Thailand,2021-05-17,111082.0,9635.0,614.0,9635.0
150053,Thailand,2021-05-18,113555.0,2473.0,649.0,2473.0
150054,Thailand,2021-05-19,116949.0,3394.0,678.0,3394.0
150055,Thailand,2021-05-20,119585.0,2636.0,703.0,2636.0
150056,Thailand,2021-05-21,123066.0,3481.0,735.0,3481.0
150057,Thailand,2021-05-22,126118.0,3052.0,759.0,3052.0
150058,Thailand,2021-05-23,129500.0,3382.0,776.0,3382.0
150059,Thailand,2021-05-24,132213.0,2713.0,806.0,2713.0
150060,Thailand,2021-05-25,135439.0,3226.0,832.0,3226.0
150061,Thailand,2021-05-26,137894.0,2455.0,873.0,2455.0
150062,Thailand,2021-05-27,141217.0,3323.0,920.0,3323.0
150063,Thailand,2021-05-28,144976.0,3759.0,954.0,3759.0
150064,Thailand,2021-05-29,149779.0,4803.0,988.0,4803.0
150065,Thailand,2021-05-30,154307.0,4528.0,1012.0,4528.0
150066,Thailand,2021-05-31,159792.0,5485.0,1031.0,5485.0
150067,Thailand,2021-06-01,162022.0,2230.0,1069.0,2230.0
150068,Thailand,2021-06-02,165462.0,3440.0,1107.0,3440.0
150069,Thailand,2021-06-03,169348.0,3886.0,1146.0,3886.0
150070,Thailand,2021-06-04,171978.0,2630.0,1177.0,2630.0
150071,Thailand,2021-06-05,174796.0,2818.0,1213.0,2818.0
150072,Thailand,2021-06-06,177467.0,2671.0,1236.0,2671.0
150073,Thailand,2021-06-07,179886.0,2419.0,1269.0,2419.0
150074,Thailand,2021-06-08,182548.0,2662.0,1298.0,2662.0
150075,Thailand,2021-06-09,185228.0,2680.0,1332.0,2680.0
150076,Thailand,2021-06-10,187538.0,2310.0,1375.0,2310.0
150077,Thailand,2021-06-11,189828.0,2290.0,1402.0,2290.0
150078,Thailand,2021-06-12,193105.0,3277.0,1431.0,3277.0
150079,Thailand,2021-06-13,195909.0,2804.0,1449.0,2804.0
150080,Thailand,2021-06-14,199264.0,3355.0,1466.0,3355.0
150081,Thailand,2021-06-15,202264.0,3000.0,1485.0,3000.0
150082,Thailand,2021-06-16,204595.0,2331.0,1525.0,2331.0
150083,Thailand,2021-06-17,207724.0,3129.0,1555.0,3129.0
150084,Thailand,2021-06-18,210782.0,3058.0,1577.0,3058.0
150085,Thailand,2021-06-19,214449.0,3667.0,1609.0,3667.0
150086,Thailand,2021-06-20,218131.0,3682.0,1629.0,3682.0
150087,Thailand,2021-06-21,221306.0,3175.0,1658.0,3175.0
150088,Thailand,2021-06-22,225365.0,4059.0,1693.0,4059.0
150089,Thailand,2021-06-23,228539.0,3174.0,1744.0,3174.0
150090,Thailand,2021-06-24,232647.0,4108.0,1775.0,4108.0
150091,Thailand,2021-06-25,236291.0,3644.0,1819.0,3644.0
150092,Thailand,2021-06-26,240452.0,4161.0,1870.0,4161.0
150093,Thailand,2021-06-27,244447.0,3995.0,1912.0,3995.0
150094,Thailand,2021-06-28,249853.0,5406.0,1934.0,5406.0
150095,Thailand,2021-06-29,254515.0,4662.0,1970.0,4662.0
150096,Thailand,2021-06-30,259301.0,4786.0,2023.0,4786.0
150097,Thailand,2021-07-01,264834.0,5533.0,2080.0,5533.0
150098,Thailand,2021-07-02,270921.0,6087.0,2141.0,6087.0
150099,Thailand,2021-07-03,277151.0,6230.0,2182.0,6230.0
150100,Thailand,2021-07-04,283067.0,5916.0,2226.0,5916.0
150101,Thailand,2021-07-05,289233.0,6166.0,2276.0,6166.0
150102,Thailand,2021-07-06,294653.0,5420.0,2333.0,5420.0
150103,Thailand,2021-07-07,301172.0,6519.0,2387.0,6519.0
150104,Thailand,2021-07-08,308230.0,7058.0,2462.0,7058.0
150105,Thailand,2021-07-09,317506.0,9276.0,2534.0,9276.0
150106,Thailand,2021-07-10,326832.0,9326.0,2625.0,9326.0
150107,Thailand,2021-07-11,336371.0,9539.0,2711.0,9539.0
150108,Thailand,2021-07-12,345027.0,8656.0,2791.0,8656.0
150109,Thailand,2021-07-13,353712.0,8685.0,2847.0,8685.0
150110,Thailand,2021-07-14,363029.0,9317.0,2934.0,9317.0
150111,Thailand,2021-07-15,372215.0,9186.0,3032.0,9186.0
150112,Thailand,2021-07-16,381907.0,9692.0,3099.0,9692.0
150113,Thailand,2021-07-17,391989.0,10082.0,3240.0,10082.0
150114,Thailand,2021-07-18,403386.0,11397.0,3341.0,11397.0
150115,Thailand,2021-07-19,415170.0,11784.0,3422.0,11784.0
150116,Thailand,2021-07-20,426475.0,11305.0,3502.0,11305.0
150117,Thailand,2021-07-21,439477.0,13002.0,3610.0,13002.0
150118,Thailand,2021-07-22,453132.0,13655.0,3697.0,13655.0
150119,Thailand,2021-07-23,467707.0,14575.0,3811.0,14575.0
150120,Thailand,2021-07-24,481967.0,14260.0,3930.0,14260.0
150121,Thailand,2021-07-25,497302.0,15335.0,4059.0,15335.0
150122,Thailand,2021-07-26,512678.0,15376.0,4146.0,15376.0
150123,Thailand,2021-07-27,526828.0,14150.0,4264.0,14150.0
150124,Thailand,2021-07-28,543361.0,16533.0,4397.0,16533.0
150125,Thailand,2021-07-29,561030.0,17669.0,4562.0,17669.0
150126,Thailand,2021-07-30,578375.0,17345.0,4679.0,17345.0
150127,Thailand,2021-07-31,597287.0,18912.0,4857.0,18912.0
150128,Thailand,2021-08-01,615314.0,18027.0,4990.0,18027.0
150129,Thailand,2021-08-02,633284.0,17970.0,5168.0,17970.0
150130,Thailand,2021-08-03,652185.0,18901.0,5315.0,18901.0
150131,Thailand,2021-08-04,672385.0,20200.0,5503.0,20200.0
150132,Thailand,2021-08-05,693305.0,20920.0,5663.0,20920.0
150133,Thailand,2021-08-06,714684.0,21379.0,5854.0,21379.0
150134,Thailand,2021-08-07,736522.0,21838.0,6066.0,21838.0
150135,Thailand,2021-08-08,756505.0,19983.0,6204.0,19983.0
150136,Thailand,2021-08-09,776108.0,19603.0,6353.0,19603.0
150137,Thailand,2021-08-10,795951.0,19843.0,6588.0,19843.0
150138,Thailand,2021-08-11,816989.0,21038.0,6795.0,21038.0
150139,Thailand,2021-08-12,839771.0,22782.0,6942.0,22782.0
150140,Thailand,2021-08-13,863189.0,23418.0,7126.0,23418.0
150141,Thailand,2021-08-14,885275.0,22086.0,7343.0,22086.0
150142,Thailand,2021-08-15,907157.0,21882.0,7552.0,21882.0
150143,Thailand,2021-08-16,928314.0,21157.0,7734.0,21157.0
150144,Thailand,2021-08-17,948442.0,20128.0,7973.0,20128.0
150145,Thailand,2021-08-18,968957.0,20515.0,8285.0,20515.0
150146,Thailand,2021-08-19,989859.0,20902.0,8586.0,20902.0
150147,Thailand,2021-08-20,1009710.0,19851.0,8826.0,19851.0
150148,Thailand,2021-08-21,1030281.0,20571.0,9087.0,20571.0
150149,Thailand,2021-08-22,1049295.0,19014.0,9320.0,19014.0
150150,Thailand,2021-08-23,1066786.0,17491.0,9562.0,17491.0
150151,Thailand,2021-08-24,1083951.0,17165.0,9788.0,17165.0
150152,Thailand,2021-08-25,1102368.0,18417.0,10085.0,18417.0
150153,Thailand,2021-08-26,1120869.0,18501.0,10314.0,18501.0
150154,Thailand,2021-08-27,1139571.0,18702.0,10587.0,18702.0
150155,Thailand,2021-08-28,1157555.0,17984.0,10879.0,17984.0
150156,Thailand,2021-08-29,1174091.0,16536.0,11143.0,16536.0
150157,Thailand,2021-08-30,1190063.0,15972.0,11399.0,15972.0
150158,Thailand,2021-08-31,1204729.0,14666.0,11589.0,14666.0
150159,Thailand,2021-09-01,1219531.0,14802.0,11841.0,14802.0
150160,Thailand,2021-09-02,1234487.0,14956.0,12103.0,14956.0
150161,Thailand,2021-09-03,1249140.0,14653.0,12374.0,14653.0
150162,Thailand,2021-09-04,1265082.0,15942.0,12631.0,15942.0
150163,Thailand,2021-09-05,1280534.0,15452.0,12855.0,15452.0
150164,Thailand,2021-09-06,1294522.0,13988.0,13042.0,13988.0
150165,Thailand,2021-09-07,1308343.0,13821.0,13283.0,13821.0
150166,Thailand,2021-09-08,1322519.0,14176.0,13511.0,14176.0
150167,Thailand,2021-09-09,1338550.0,16031.0,13731.0,16031.0
150168,Thailand,2021-09-10,1352953.0,14403.0,13920.0,14403.0
150169,Thailand,2021-09-11,1368144.0,15191.0,14173.0,15191.0
150170,Thailand,2021-09-12,1382173.0,14029.0,14353.0,14029.0
150171,Thailand,2021-09-13,1394756.0,12583.0,14485.0,12583.0
150172,Thailand,2021-09-14,1406542.0,11786.0,14621.0,11786.0
150173,Thailand,2021-09-15,1420340.0,13798.0,14765.0,13798.0
150174,Thailand,2021-09-16,1434237.0,13897.0,14953.0,13897.0
150175,Thailand,2021-09-17,1448792.0,14555.0,15124.0,14555.0
150176,Thailand,2021-09-18,1462901.0,14109.0,15246.0,14109.0
150177,Thailand,2021-09-19,1476477.0,13576.0,15363.0,13576.0
150178,Thailand,2021-09-20,1489186.0,12709.0,15469.0,12709.0
150179,Thailand,2021-09-21,1500105.0,10919.0,15612.0,10919.0
150180,Thailand,2021-09-22,1511357.0,11252.0,15753.0,11252.0
150181,Thailand,2021-09-23,1524613.0,13256.0,15884.0,13256.0
150182,Thailand,2021-09-24,1537310.0,12697.0,16016.0,12697.0
150183,Thailand,2021-09-25,1549285.0,11975.0,16143.0,11975.0
150184,Thailand,2021-09-26,1561638.0,12353.0,16268.0,12353.0
150185,Thailand,2021-09-27,1571926.0,10288.0,16369.0,10288.0
150186,Thailand,2021-09-28,1581415.0,9489.0,16498.0,9489.0
150187,Thailand,2021-09-29,1591829.0,10414.0,16620.0,10414.0
150188,Thailand,2021-09-30,1603475.0,11646.0,16727.0,11646.0
150189,Thailand,2021-10-01,1615229.0,11754.0,16850.0,11754.0
150190,Thailand,2021-10-02,1626604.0,11375.0,16937.0,11375.0
150191,Thailand,2021-10-03,1637432.0,10828.0,17014.0,10828.0
150192,Thailand,2021-10-04,1647362.0,9930.0,17111.0,9930.0
150193,Thailand,2021-10-05,1657231.0,9869.0,17203.0,9869.0
150194,Thailand,2021-10-06,1667097.0,9866.0,17305.0,9866.0
150195,Thailand,2021-10-07,1678297.0,11200.0,17418.0,11200.0
150196,Thailand,2021-10-08,1689437.0,11140.0,17534.0,11140.0
150197,Thailand,2021-10-09,1700067.0,10630.0,17607.0,10630.0
150198,Thailand,2021-10-10,1710884.0,10817.0,17691.0,10817.0
150199,Thailand,2021-10-11,1720919.0,10035.0,17751.0,10035.0
150200,Thailand,2021-10-12,1730364.0,9445.0,17835.0,9445.0
150201,Thailand,2021-10-13,1740428.0,10064.0,17917.0,10064.0
150202,Thailand,2021-10-14,1751704.0,11276.0,18029.0,11276.0
150203,Thailand,2021-10-15,1762190.0,10486.0,18123.0,10486.0
150204,Thailand,2021-10-16,1772838.0,10648.0,18205.0,10648.0
150205,Thailand,2021-10-17,1783701.0,10863.0,18273.0,10863.0
150206,Thailand,2021-10-18,1793812.0,10111.0,18336.0,10111.0
150207,Thailand,2021-10-19,1802934.0,9122.0,18407.0,9122.0
150208,Thailand,2021-10-20,1811852.0,8918.0,18486.0,8918.0
150209,Thailand,2021-10-21,1821579.0,9727.0,18559.0,9727.0
150210,Thailand,2021-10-22,1831389.0,9810.0,18625.0,9810.0
150211,Thailand,2021-10-23,1841131.0,9742.0,18699.0,9742.0
150212,Thailand,2021-10-24,1850482.0,9351.0,18755.0,9351.0
150213,Thailand,2021-10-25,1859157.0,8675.0,18799.0,8675.0
150214,Thailand,2021-10-26,1866863.0,7706.0,18865.0,7706.0
150215,Thailand,2021-10-27,1875315.0,8452.0,18922.0,8452.0
150216,Thailand,2021-10-28,1884973.0,9658.0,19006.0,9658.0
150217,Thailand,2021-10-29,1893941.0,8968.0,19070.0,8968.0
150218,Thailand,2021-10-30,1903165.0,9224.0,19158.0,9224.0
150219,Thailand,2021-10-31,1912024.0,8859.0,19205.0,8859.0
150220,Thailand,2021-11-01,1920189.0,8165.0,19260.0,8165.0
150221,Thailand,2021-11-02,1927763.0,7574.0,19338.0,7574.0
150222,Thailand,2021-11-03,1935442.0,7679.0,19394.0,7679.0
150223,Thailand,2021-11-04,1943422.0,7980.0,19462.0,7980.0
150224,Thailand,2021-11-05,1951572.0,8150.0,19542.0,8150.0
150225,Thailand,2021-11-06,1960039.0,8467.0,19611.0,8467.0
150226,Thailand,2021-11-07,1967999.0,7960.0,19664.0,7960.0
150227,Thailand,2021-11-08,1975591.0,7592.0,19703.0,7592.0
150228,Thailand,2021-11-09,1982495.0,6904.0,19764.0,6904.0
150229,Thailand,2021-11-10,1989473.0,6978.0,19826.0,6978.0
150230,Thailand,2021-11-11,1996969.0,7496.0,19883.0,7496.0
150231,Thailand,2021-11-12,2004274.0,7305.0,19934.0,7305.0
150232,Thailand,2021-11-13,2011331.0,7057.0,19989.0,7057.0
150233,Thailand,2021-11-14,2018410.0,7079.0,20036.0,7079.0
150234,Thailand,2021-11-15,2024753.0,6343.0,20081.0,6343.0
150235,Thailand,2021-11-16,2030700.0,5947.0,20143.0,5947.0
150236,Thailand,2021-11-17,2037224.0,6524.0,20199.0,6524.0
150237,Thailand,2021-11-18,2044125.0,6901.0,20254.0,6901.0
150238,Thailand,2021-11-19,2050980.0,6855.0,20305.0,6855.0
150239,Thailand,2021-11-20,2057575.0,6595.0,20358.0,6595.0
150240,Thailand,2021-11-21,2064581.0,7006.0,20387.0,7006.0
150241,Thailand,2021-11-22,2071009.0,6428.0,20436.0,6428.0
150242,Thailand,2021-11-23,2076135.0,5126.0,20489.0,5126.0
150243,Thailand,2021-11-24,2081992.0,5857.0,20544.0,5857.0
150244,Thailand,2021-11-25,2088327.0,6335.0,20581.0,6335.0
150245,Thailand,2021-11-26,2094886.0,6559.0,20645.0,6559.0
150246,Thailand,2021-11-27,2100959.0,6073.0,20677.0,6073.0
150247,Thailand,2021-11-28,2106813.0,5854.0,20707.0,5854.0
150248,Thailand,2021-11-29,2111566.0,4753.0,20734.0,4753.0
150249,Thailand,2021-11-30,2115872.0,4306.0,20771.0,4306.0
150250,Thailand,2021-12-01,2120758.0,4886.0,20814.0,4886.0
150251,Thailand,2021-12-02,2125729.0,4971.0,20847.0,4971.0
150252,Thailand,2021-12-03,2130641.0,4912.0,20880.0,4912.0
150253,Thailand,2021-12-04,2136537.0,5896.0,20917.0,5896.0
150254,Thailand,2021-12-05,2141241.0,4704.0,20944.0,4704.0
150255,Thailand,2021-12-06,2145241.0,4000.0,20966.0,4000.0
150256,Thailand,2021-12-07,2148766.0,3525.0,20997.0,3525.0
150257,Thailand,2021-12-08,2152384.0,3618.0,21035.0,3618.0
150258,Thailand,2021-12-09,2156587.0,4203.0,21084.0,4203.0
150259,Thailand,2021-12-10,2160780.0,4193.0,21112.0,4193.0
150260,Thailand,2021-12-11,2164859.0,4079.0,21151.0,4079.0
150261,Thailand,2021-12-12,2168646.0,3787.0,21171.0,3787.0
150262,Thailand,2021-12-13,2172044.0,3398.0,21194.0,3398.0
150263,Thailand,2021-12-14,2174906.0,2862.0,21231.0,2862.0
150264,Thailand,2021-12-15,2178276.0,3370.0,21260.0,3370.0
150265,Thailand,2021-12-16,2181960.0,3684.0,21286.0,3684.0
150266,Thailand,2021-12-17,2185497.0,3537.0,21327.0,3537.0
150267,Thailand,2021-12-18,2188629.0,3132.0,21355.0,3132.0
150268,Thailand,2021-12-19,2191528.0,2899.0,21377.0,2899.0
150269,Thailand,2021-12-20,2194053.0,2525.0,21408.0,2525.0
150270,Thailand,2021-12-21,2196529.0,2476.0,21440.0,2476.0
150271,Thailand,2021-12-22,2199061.0,2532.0,21471.0,2532.0
150272,Thailand,2021-12-23,2202001.0,2940.0,21501.0,2940.0
150273,Thailand,2021-12-24,2204672.0,2671.0,21528.0,2671.0
150274,Thailand,2021-12-25,2207438.0,2766.0,21558.0,2766.0
150275,Thailand,2021-12-26,2209970.0,2532.0,21580.0,2532.0
150276,Thailand,2021-12-27,2212407.0,2437.0,21598.0,2437.0
150277,Thailand,2021-12-28,2214712.0,2305.0,21630.0,2305.0
150278,Thailand,2021-12-29,2217287.0,2575.0,21647.0,2575.0
150279,Thailand,2021-12-30,2220324.0,3037.0,21672.0,3037.0
150280,Thailand,2021-12-31,2223435.0,3111.0,21698.0,3111.0
150281,Thailand,2022-01-01,2226446.0,3011.0,21708.0,3011.0
150282,Thailand,2022-01-02,2229558.0,3112.0,21720.0,3112.0
150283,Thailand,2022-01-03,2232485.0,2927.0,21738.0,2927.0
150284,Thailand,2022-01-04,2235576.0,3091.0,21750.0,3091.0
150285,Thailand,2022-01-05,2239475.0,3899.0,21769.0,3899.0
150286,Thailand,2022-01-06,2245250.0,5775.0,21780.0,5775.0
150287,Thailand,2022-01-07,2252776.0,7526.0,21799.0,7526.0
150288,Thailand,2022-01-08,2261039.0,8263.0,21813.0,8263.0
150289,Thailand,2022-01-09,2269550.0,8511.0,21825.0,8511.0
150290,Thailand,2022-01-10,2277476.0,7926.0,21838.0,7926.0
150291,Thailand,2022-01-11,2284609.0,7133.0,21850.0,7133.0
150292,Thailand,2022-01-12,2300457.0,15848.0,21869.0,15848.0
150293,Thailand,2022-01-13,2308615.0,8158.0,21883.0,8158.0
150294,Thailand,2022-01-14,2316408.0,7793.0,21898.0,7793.0
150295,Thailand,2022-01-15,2324485.0,8077.0,21916.0,8077.0
150296,Thailand,2022-01-16,2331414.0,6929.0,21925.0,6929.0
150297,Thailand,2022-01-17,2337811.0,6397.0,21938.0,6397.0
150298,Thailand,2022-01-18,2344933.0,7122.0,21956.0,7122.0
150299,Thailand,2022-01-19,2353062.0,8129.0,21968.0,8129.0
150300,Thailand,2022-01-20,2361702.0,8640.0,21987.0,8640.0
150301,Thailand,2022-01-21,2369814.0,8112.0,22000.0,8112.0
150302,Thailand,2022-01-22,2377500.0,7686.0,22019.0,7686.0
150303,Thailand,2022-01-23,2384639.0,7139.0,22032.0,7139.0
150304,Thailand,2022-01-24,2391357.0,6718.0,22045.0,6718.0
150305,Thailand,2022-01-25,2398944.0,7587.0,22057.0,7587.0
150306,Thailand,2022-01-26,2407022.0,8078.0,22076.0,8078.0
150307,Thailand,2022-01-27,2415472.0,8450.0,22098.0,8450.0
150308,Thailand,2022-01-28,2424090.0,8618.0,22126.0,8618.0
150309,Thailand,2022-01-29,2432534.0,8444.0,22145.0,8444.0
150310,Thailand,2022-01-30,2440542.0,8008.0,22157.0,8008.0
150311,Thailand,2022-01-31,2447964.0,7422.0,22185.0,7422.0
150312,Thailand,2022-02-01,2456551.0,8587.0,22207.0,8587.0
150313,Thailand,2022-02-02,2465723.0,9172.0,22228.0,9172.0
150314,Thailand,2022-02-03,2475632.0,9909.0,22250.0,9909.0
150315,Thailand,2022-02-04,2486122.0,10490.0,22271.0,10490.0
150316,Thailand,2022-02-05,2497001.0,10879.0,22291.0,10879.0
150317,Thailand,2022-02-06,2507471.0,10470.0,22303.0,10470.0
150318,Thailand,2022-02-07,2517869.0,10398.0,22320.0,10398.0
150319,Thailand,2022-02-08,2531051.0,13182.0,22344.0,13182.0
150320,Thailand,2022-02-09,2545873.0,14822.0,22364.0,14822.0
150321,Thailand,2022-02-10,2561115.0,15242.0,22387.0,15242.0
150322,Thailand,2022-02-11,2577445.0,16330.0,22412.0,16330.0
150323,Thailand,2022-02-12,2593327.0,15882.0,22436.0,15882.0
150324,Thailand,2022-02-13,2608227.0,14900.0,22462.0,14900.0
150325,Thailand,2022-02-14,2622600.0,14373.0,22489.0,14373.0
150326,Thailand,2022-02-15,2639062.0,16462.0,22516.0,16462.0
150327,Thailand,2022-02-16,2656411.0,17349.0,22538.0,17349.0
150328,Thailand,2022-02-17,2674477.0,18066.0,22565.0,18066.0
150329,Thailand,2022-02-18,2693362.0,18885.0,22594.0,18885.0
150330,Thailand,2022-02-19,2712315.0,18953.0,22624.0,18953.0
150331,Thailand,2022-02-20,2731198.0,18883.0,22656.0,18883.0
150332,Thailand,2022-02-21,2749561.0,18363.0,22691.0,18363.0
150333,Thailand,2022-02-22,2770793.0,21232.0,22730.0,21232.0
150334,Thailand,2022-02-23,2794350.0,23557.0,22768.0,23557.0
150335,Thailand,2022-02-24,2819282.0,24932.0,22809.0,24932.0
150336,Thailand,2022-02-25,2844897.0,25615.0,22849.0,25615.0
150337,Thailand,2022-02-26,2869616.0,24719.0,22891.0,24719.0
150338,Thailand,2022-02-27,2891927.0,22311.0,22933.0,22311.0
150339,Thailand,2022-02-28,2891927.0,0.0,22933.0,4271.914864864865
150340,Thailand,2022-03-01,2934544.0,42617.0,23021.0,42617.0
150341,Thailand,2022-03-02,2958162.0,23618.0,23070.0,23618.0
150342,Thailand,2022-03-03,2981996.0,23834.0,23124.0,23834.0
150343,Thailand,2022-03-04,3004814.0,22818.0,23176.0,22818.0
150344,Thailand,2022-03-05,3026695.0,21881.0,23235.0,21881.0
150345,Thailand,2022-03-06,3047857.0,21162.0,23300.0,21162.0
150346,Thailand,2022-03-07,3066800.0,18943.0,23369.0,18943.0
150347,Thailand,2022-03-08,3088873.0,22073.0,23438.0,22073.0
150348,Thailand,2022-03-09,3111857.0,22984.0,23512.0,22984.0
150349,Thailand,2022-03-10,3136649.0,24792.0,23575.0,24792.0
150350,Thailand,2022-03-11,3161241.0,24592.0,23643.0,24592.0
